{"cameraMode":{"drawMode":0,"name":"Shaded","section":"Shading Mode"},"sceneLighting":true,"audioPlay":false,"sceneViewState":{"m_AlwaysRefresh":false,"showFog":true,"showSkybox":true,"showFlares":true,"showImageEffects":true,"showParticleSystems":true,"showVisualEffectGraphs":true,"m_FxEnabled":true},"in2DMode":false,"pivot":{"x":111.47987365722656,"y":142.52618408203126,"z":-143.4604034423828},"rotation":{"x":0.2356962114572525,"y":-0.24409422278404237,"z":0.06129379943013191,"w":0.9387160539627075},"size":132.0062713623047,"orthographic":true}